country,iso_code,date,total_vaccinations,people_vaccinated,people_fully_vaccinated,daily_vaccinations_raw,daily_vaccinations,total_vaccinations_per_hundred,people_vaccinated_per_hundred,people_fully_vaccinated_per_hundred,daily_vaccinations_per_million,vaccines,source_name,source_website
Spain,ESP,2021-01-04,82834.0,82834.0,,,,0.18,0.18,,,"Moderna, Oxford/AstraZeneca, Pfizer/BioNTech",Ministry of Health,https://www.mscbs.gob.es/profesionales/saludPublica/ccayes/alertasActual/nCov/vacunaCovid19.htm
Spain,ESP,2021-01-05,139339.0,139339.0,,56505.0,56505.0,0.3,0.3,,1209.0,"Moderna, Oxford/AstraZeneca, Pfizer/BioNTech",Ministry of Health,https://www.mscbs.gob.es/profesionales/saludPublica/ccayes/alertasActual/nCov/vacunaCovid19.htm
Spain,ESP,2021-01-06,,,,,45248.0,,,,968.0,"Moderna, Oxford/AstraZeneca, Pfizer/BioNTech",Ministry of Health,https://www.mscbs.gob.es/profesionales/saludPublica/ccayes/alertasActual/nCov/vacunaCovid19.htm
Spain,ESP,2021-01-07,207323.0,207323.0,,,41496.0,0.44,0.44,,888.0,"Moderna, Oxford/AstraZeneca, Pfizer/BioNTech",Ministry of Health,https://www.mscbs.gob.es/profesionales/saludPublica/ccayes/alertasActual/nCov/vacunaCovid19.htm
Spain,ESP,2021-01-08,277976.0,277976.0,,70653.0,48786.0,0.59,0.59,,1043.0,"Moderna, Oxford/AstraZeneca, Pfizer/BioNTech",Ministry of Health,https://www.mscbs.gob.es/profesionales/saludPublica/ccayes/alertasActual/nCov/vacunaCovid19.htm
Spain,ESP,2021-01-09,,,,,47569.0,,,,1017.0,"Moderna, Oxford/AstraZeneca, Pfizer/BioNTech",Ministry of Health,https://www.mscbs.gob.es/profesionales/saludPublica/ccayes/alertasActual/nCov/vacunaCovid19.htm
Spain,ESP,2021-01-10,,,,,46759.0,,,,1000.0,"Moderna, Oxford/AstraZeneca, Pfizer/BioNTech",Ministry of Health,https://www.mscbs.gob.es/profesionales/saludPublica/ccayes/alertasActual/nCov/vacunaCovid19.htm
Spain,ESP,2021-01-11,406091.0,406091.0,,,46180.0,0.87,0.87,,988.0,"Moderna, Oxford/AstraZeneca, Pfizer/BioNTech",Ministry of Health,https://www.mscbs.gob.es/profesionales/saludPublica/ccayes/alertasActual/nCov/vacunaCovid19.htm
Spain,ESP,2021-01-12,488122.0,488122.0,,82031.0,49826.0,1.04,1.04,,1066.0,"Moderna, Oxford/AstraZeneca, Pfizer/BioNTech",Ministry of Health,https://www.mscbs.gob.es/profesionales/saludPublica/ccayes/alertasActual/nCov/vacunaCovid19.htm
Spain,ESP,2021-01-13,581638.0,581638.0,,93516.0,58330.0,1.24,1.24,,1248.0,"Moderna, Oxford/AstraZeneca, Pfizer/BioNTech",Ministry of Health,https://www.mscbs.gob.es/profesionales/saludPublica/ccayes/alertasActual/nCov/vacunaCovid19.htm
Spain,ESP,2021-01-14,676186.0,676186.0,,94548.0,66980.0,1.45,1.45,,1433.0,"Moderna, Oxford/AstraZeneca, Pfizer/BioNTech",Ministry of Health,https://www.mscbs.gob.es/profesionales/saludPublica/ccayes/alertasActual/nCov/vacunaCovid19.htm
Spain,ESP,2021-01-15,768950.0,768950.0,,92764.0,70139.0,1.64,1.64,,1500.0,"Moderna, Oxford/AstraZeneca, Pfizer/BioNTech",Ministry of Health,https://www.mscbs.gob.es/profesionales/saludPublica/ccayes/alertasActual/nCov/vacunaCovid19.htm
Spain,ESP,2021-01-16,,,,,70181.0,,,,1501.0,"Moderna, Oxford/AstraZeneca, Pfizer/BioNTech",Ministry of Health,https://www.mscbs.gob.es/profesionales/saludPublica/ccayes/alertasActual/nCov/vacunaCovid19.htm
Spain,ESP,2021-01-17,,,,,70223.0,,,,1502.0,"Moderna, Oxford/AstraZeneca, Pfizer/BioNTech",Ministry of Health,https://www.mscbs.gob.es/profesionales/saludPublica/ccayes/alertasActual/nCov/vacunaCovid19.htm
Spain,ESP,2021-01-18,897942.0,895627.0,2315.0,,70264.0,1.92,1.92,0.0,1503.0,"Moderna, Oxford/AstraZeneca, Pfizer/BioNTech",Ministry of Health,https://www.mscbs.gob.es/profesionales/saludPublica/ccayes/alertasActual/nCov/vacunaCovid19.htm
Spain,ESP,2021-01-19,966097.0,956756.0,9341.0,68155.0,68282.0,2.07,2.05,0.02,1460.0,"Moderna, Oxford/AstraZeneca, Pfizer/BioNTech",Ministry of Health,https://www.mscbs.gob.es/profesionales/saludPublica/ccayes/alertasActual/nCov/vacunaCovid19.htm
Spain,ESP,2021-01-20,1025937.0,1010295.0,15642.0,59840.0,63471.0,2.19,2.16,0.03,1358.0,"Moderna, Oxford/AstraZeneca, Pfizer/BioNTech",Ministry of Health,https://www.mscbs.gob.es/profesionales/saludPublica/ccayes/alertasActual/nCov/vacunaCovid19.htm
Spain,ESP,2021-01-21,1103301.0,1054245.0,49056.0,77364.0,61016.0,2.36,2.25,0.1,1305.0,"Moderna, Oxford/AstraZeneca, Pfizer/BioNTech",Ministry of Health,https://www.mscbs.gob.es/profesionales/saludPublica/ccayes/alertasActual/nCov/vacunaCovid19.htm
Spain,ESP,2021-01-22,1165825.0,1097369.0,68456.0,62524.0,56696.0,2.49,2.35,0.15,1213.0,"Moderna, Oxford/AstraZeneca, Pfizer/BioNTech",Ministry of Health,https://www.mscbs.gob.es/profesionales/saludPublica/ccayes/alertasActual/nCov/vacunaCovid19.htm
Spain,ESP,2021-01-23,,,,,55680.0,,,,1191.0,"Moderna, Oxford/AstraZeneca, Pfizer/BioNTech",Ministry of Health,https://www.mscbs.gob.es/profesionales/saludPublica/ccayes/alertasActual/nCov/vacunaCovid19.htm
Spain,ESP,2021-01-24,1237593.0,1148895.0,88698.0,,54664.0,2.65,2.46,0.19,1169.0,"Moderna, Oxford/AstraZeneca, Pfizer/BioNTech",Ministry of Health,https://www.mscbs.gob.es/profesionales/saludPublica/ccayes/alertasActual/nCov/vacunaCovid19.htm
Spain,ESP,2021-01-25,1291216.0,1167519.0,123697.0,53623.0,56182.0,2.76,2.5,0.26,1202.0,"Moderna, Oxford/AstraZeneca, Pfizer/BioNTech",Ministry of Health,https://www.mscbs.gob.es/profesionales/saludPublica/ccayes/alertasActual/nCov/vacunaCovid19.htm
Spain,ESP,2021-01-26,1356461.0,1183395.0,173066.0,65245.0,55766.0,2.9,2.53,0.37,1193.0,"Moderna, Oxford/AstraZeneca, Pfizer/BioNTech",Ministry of Health,https://www.mscbs.gob.es/profesionales/saludPublica/ccayes/alertasActual/nCov/vacunaCovid19.htm
Spain,ESP,2021-01-27,1395618.0,1202859.0,192759.0,39157.0,52812.0,2.98,2.57,0.41,1130.0,"Moderna, Oxford/AstraZeneca, Pfizer/BioNTech",Ministry of Health,https://www.mscbs.gob.es/profesionales/saludPublica/ccayes/alertasActual/nCov/vacunaCovid19.htm
Spain,ESP,2021-01-28,1474189.0,1222323.0,251866.0,78571.0,52984.0,3.15,2.61,0.54,1133.0,"Moderna, Oxford/AstraZeneca, Pfizer/BioNTech",Ministry of Health,https://www.mscbs.gob.es/profesionales/saludPublica/ccayes/alertasActual/nCov/vacunaCovid19.htm
Spain,ESP,2021-01-29,,,,,50484.0,,,,1080.0,"Moderna, Oxford/AstraZeneca, Pfizer/BioNTech",Ministry of Health,https://www.mscbs.gob.es/profesionales/saludPublica/ccayes/alertasActual/nCov/vacunaCovid19.htm
Spain,ESP,2021-01-30,,,,,51790.0,,,,1108.0,"Moderna, Oxford/AstraZeneca, Pfizer/BioNTech",Ministry of Health,https://www.mscbs.gob.es/profesionales/saludPublica/ccayes/alertasActual/nCov/vacunaCovid19.htm
Spain,ESP,2021-01-31,1609261.0,1251369.0,357892.0,,53095.0,3.44,2.68,0.77,1136.0,"Moderna, Oxford/AstraZeneca, Pfizer/BioNTech",Ministry of Health,https://www.mscbs.gob.es/profesionales/saludPublica/ccayes/alertasActual/nCov/vacunaCovid19.htm
Spain,ESP,2021-02-01,1673054.0,1254535.0,418519.0,63793.0,54548.0,3.58,2.68,0.9,1167.0,"Moderna, Oxford/AstraZeneca, Pfizer/BioNTech",Ministry of Health,https://www.mscbs.gob.es/profesionales/saludPublica/ccayes/alertasActual/nCov/vacunaCovid19.htm
Spain,ESP,2021-02-02,1764778.0,1265800.0,498978.0,91724.0,58331.0,3.77,2.71,1.07,1248.0,"Moderna, Oxford/AstraZeneca, Pfizer/BioNTech",Ministry of Health,https://www.mscbs.gob.es/profesionales/saludPublica/ccayes/alertasActual/nCov/vacunaCovid19.htm
Spain,ESP,2021-02-03,1865342.0,1279220.0,586122.0,100564.0,67103.0,3.99,2.74,1.25,1435.0,"Moderna, Oxford/AstraZeneca, Pfizer/BioNTech",Ministry of Health,https://www.mscbs.gob.es/profesionales/saludPublica/ccayes/alertasActual/nCov/vacunaCovid19.htm
Spain,ESP,2021-02-04,1988160.0,1305251.0,682909.0,122818.0,73424.0,4.25,2.79,1.46,1570.0,"Moderna, Oxford/AstraZeneca, Pfizer/BioNTech",Ministry of Health,https://www.mscbs.gob.es/profesionales/saludPublica/ccayes/alertasActual/nCov/vacunaCovid19.htm
Spain,ESP,2021-02-05,,,,,72558.0,,,,1552.0,"Moderna, Oxford/AstraZeneca, Pfizer/BioNTech",Ministry of Health,https://www.mscbs.gob.es/profesionales/saludPublica/ccayes/alertasActual/nCov/vacunaCovid19.htm
Spain,ESP,2021-02-06,,,,,71691.0,,,,1533.0,"Moderna, Oxford/AstraZeneca, Pfizer/BioNTech",Ministry of Health,https://www.mscbs.gob.es/profesionales/saludPublica/ccayes/alertasActual/nCov/vacunaCovid19.htm
Spain,ESP,2021-02-07,2105033.0,1318626.0,786407.0,,70825.0,4.5,2.82,1.68,1515.0,"Moderna, Oxford/AstraZeneca, Pfizer/BioNTech",Ministry of Health,https://www.mscbs.gob.es/profesionales/saludPublica/ccayes/alertasActual/nCov/vacunaCovid19.htm
Spain,ESP,2021-02-08,2167241.0,1328459.0,838782.0,62208.0,70598.0,4.64,2.84,1.79,1510.0,"Moderna, Oxford/AstraZeneca, Pfizer/BioNTech",Ministry of Health,https://www.mscbs.gob.es/profesionales/saludPublica/ccayes/alertasActual/nCov/vacunaCovid19.htm
Spain,ESP,2021-02-09,2233249.0,1343566.0,889683.0,66008.0,66924.0,4.78,2.87,1.9,1431.0,"Moderna, Oxford/AstraZeneca, Pfizer/BioNTech",Ministry of Health,https://www.mscbs.gob.es/profesionales/saludPublica/ccayes/alertasActual/nCov/vacunaCovid19.htm
Spain,ESP,2021-02-10,2320507.0,1377229.0,943278.0,87258.0,65024.0,4.96,2.95,2.02,1391.0,"Moderna, Oxford/AstraZeneca, Pfizer/BioNTech",Ministry of Health,https://www.mscbs.gob.es/profesionales/saludPublica/ccayes/alertasActual/nCov/vacunaCovid19.htm
Spain,ESP,2021-02-11,2423045.0,1422560.0,1000485.0,102538.0,62126.0,5.18,3.04,2.14,1329.0,"Moderna, Oxford/AstraZeneca, Pfizer/BioNTech",Ministry of Health,https://www.mscbs.gob.es/profesionales/saludPublica/ccayes/alertasActual/nCov/vacunaCovid19.htm
Spain,ESP,2021-02-12,,,,,63159.0,,,,1351.0,"Moderna, Oxford/AstraZeneca, Pfizer/BioNTech",Ministry of Health,https://www.mscbs.gob.es/profesionales/saludPublica/ccayes/alertasActual/nCov/vacunaCovid19.htm
Spain,ESP,2021-02-13,,,,,64192.0,,,,1373.0,"Moderna, Oxford/AstraZeneca, Pfizer/BioNTech",Ministry of Health,https://www.mscbs.gob.es/profesionales/saludPublica/ccayes/alertasActual/nCov/vacunaCovid19.htm
Spain,ESP,2021-02-14,2561608.0,1491517.0,1070091.0,,65225.0,5.48,3.19,2.29,1395.0,"Moderna, Oxford/AstraZeneca, Pfizer/BioNTech",Ministry of Health,https://www.mscbs.gob.es/profesionales/saludPublica/ccayes/alertasActual/nCov/vacunaCovid19.htm
Spain,ESP,2021-02-15,2624512.0,1527590.0,1096922.0,62904.0,65324.0,5.61,3.27,2.35,1397.0,"Moderna, Oxford/AstraZeneca, Pfizer/BioNTech",Ministry of Health,https://www.mscbs.gob.es/profesionales/saludPublica/ccayes/alertasActual/nCov/vacunaCovid19.htm
Spain,ESP,2021-02-16,2690457.0,1571277.0,1119180.0,65945.0,65315.0,5.75,3.36,2.39,1397.0,"Moderna, Oxford/AstraZeneca, Pfizer/BioNTech",Ministry of Health,https://www.mscbs.gob.es/profesionales/saludPublica/ccayes/alertasActual/nCov/vacunaCovid19.htm
Spain,ESP,2021-02-17,2782751.0,1638195.0,1144556.0,92294.0,66035.0,5.95,3.5,2.45,1412.0,"Moderna, Oxford/AstraZeneca, Pfizer/BioNTech",Ministry of Health,https://www.mscbs.gob.es/profesionales/saludPublica/ccayes/alertasActual/nCov/vacunaCovid19.htm
Spain,ESP,2021-02-18,2936011.0,1764985.0,1171026.0,153260.0,73281.0,6.28,3.77,2.5,1567.0,"Moderna, Oxford/AstraZeneca, Pfizer/BioNTech",Ministry of Health,https://www.mscbs.gob.es/profesionales/saludPublica/ccayes/alertasActual/nCov/vacunaCovid19.htm
Spain,ESP,2021-02-19,,,,,74032.0,,,,1583.0,"Moderna, Oxford/AstraZeneca, Pfizer/BioNTech",Ministry of Health,https://www.mscbs.gob.es/profesionales/saludPublica/ccayes/alertasActual/nCov/vacunaCovid19.htm
Spain,ESP,2021-02-20,,,,,74783.0,,,,1599.0,"Moderna, Oxford/AstraZeneca, Pfizer/BioNTech",Ministry of Health,https://www.mscbs.gob.es/profesionales/saludPublica/ccayes/alertasActual/nCov/vacunaCovid19.htm
Spain,ESP,2021-02-21,3090351.0,1893290.0,1197061.0,,75535.0,6.61,4.05,2.56,1616.0,"Moderna, Oxford/AstraZeneca, Pfizer/BioNTech",Ministry of Health,https://www.mscbs.gob.es/profesionales/saludPublica/ccayes/alertasActual/nCov/vacunaCovid19.htm
Spain,ESP,2021-02-22,3165191.0,1956886.0,1208305.0,74840.0,77240.0,6.77,4.19,2.58,1652.0,"Moderna, Oxford/AstraZeneca, Pfizer/BioNTech",Ministry of Health,https://www.mscbs.gob.es/profesionales/saludPublica/ccayes/alertasActual/nCov/vacunaCovid19.htm
Spain,ESP,2021-02-23,3284678.0,2063495.0,1221183.0,119487.0,84889.0,7.03,4.41,2.61,1816.0,"Moderna, Oxford/AstraZeneca, Pfizer/BioNTech",Ministry of Health,https://www.mscbs.gob.es/profesionales/saludPublica/ccayes/alertasActual/nCov/vacunaCovid19.htm
Spain,ESP,2021-02-24,3436158.0,2204376.0,1231782.0,151480.0,93344.0,7.35,4.71,2.63,1996.0,"Moderna, Oxford/AstraZeneca, Pfizer/BioNTech",Ministry of Health,https://www.mscbs.gob.es/profesionales/saludPublica/ccayes/alertasActual/nCov/vacunaCovid19.htm
Spain,ESP,2021-02-25,3605635.0,2361852.0,1243783.0,169477.0,95661.0,7.71,5.05,2.66,2046.0,"Moderna, Oxford/AstraZeneca, Pfizer/BioNTech",Ministry of Health,https://www.mscbs.gob.es/profesionales/saludPublica/ccayes/alertasActual/nCov/vacunaCovid19.htm
Spain,ESP,2021-02-26,,,,,98970.0,,,,2117.0,"Moderna, Oxford/AstraZeneca, Pfizer/BioNTech",Ministry of Health,https://www.mscbs.gob.es/profesionales/saludPublica/ccayes/alertasActual/nCov/vacunaCovid19.htm
Spain,ESP,2021-02-27,,,,,102279.0,,,,2188.0,"Moderna, Oxford/AstraZeneca, Pfizer/BioNTech",Ministry of Health,https://www.mscbs.gob.es/profesionales/saludPublica/ccayes/alertasActual/nCov/vacunaCovid19.htm
Spain,ESP,2021-02-28,3829465.0,2567617.0,1261848.0,,105588.0,8.19,5.49,2.7,2258.0,"Moderna, Oxford/AstraZeneca, Pfizer/BioNTech",Ministry of Health,https://www.mscbs.gob.es/profesionales/saludPublica/ccayes/alertasActual/nCov/vacunaCovid19.htm
Spain,ESP,2021-03-01,3908734.0,2642034.0,1266700.0,79269.0,106220.0,8.36,5.65,2.71,2272.0,"Moderna, Oxford/AstraZeneca, Pfizer/BioNTech",Ministry of Health,https://www.mscbs.gob.es/profesionales/saludPublica/ccayes/alertasActual/nCov/vacunaCovid19.htm
Spain,ESP,2021-03-02,4059320.0,2772318.0,1287002.0,150586.0,110663.0,8.68,5.93,2.75,2367.0,"Moderna, Oxford/AstraZeneca, Pfizer/BioNTech",Ministry of Health,https://www.mscbs.gob.es/profesionales/saludPublica/ccayes/alertasActual/nCov/vacunaCovid19.htm
Spain,ESP,2021-03-03,4229092.0,2920179.0,1308913.0,169772.0,113276.0,9.05,6.25,2.8,2423.0,"Moderna, Oxford/AstraZeneca, Pfizer/BioNTech",Ministry of Health,https://www.mscbs.gob.es/profesionales/saludPublica/ccayes/alertasActual/nCov/vacunaCovid19.htm
Spain,ESP,2021-03-04,4471577.0,3129092.0,1342485.0,242485.0,123706.0,9.56,6.69,2.87,2646.0,"Moderna, Oxford/AstraZeneca, Pfizer/BioNTech",Ministry of Health,https://www.mscbs.gob.es/profesionales/saludPublica/ccayes/alertasActual/nCov/vacunaCovid19.htm
Spain,ESP,2021-03-05,,,,,124505.0,,,,2663.0,"Moderna, Oxford/AstraZeneca, Pfizer/BioNTech",Ministry of Health,https://www.mscbs.gob.es/profesionales/saludPublica/ccayes/alertasActual/nCov/vacunaCovid19.htm
Spain,ESP,2021-03-06,,,,,125304.0,,,,2680.0,"Moderna, Oxford/AstraZeneca, Pfizer/BioNTech",Ministry of Health,https://www.mscbs.gob.es/profesionales/saludPublica/ccayes/alertasActual/nCov/vacunaCovid19.htm
Spain,ESP,2021-03-07,4712191.0,3328703.0,1383488.0,,126104.0,10.08,7.12,2.96,2697.0,"Moderna, Oxford/AstraZeneca, Pfizer/BioNTech",Ministry of Health,https://www.mscbs.gob.es/profesionales/saludPublica/ccayes/alertasActual/nCov/vacunaCovid19.htm
Spain,ESP,2021-03-08,4848648.0,3436412.0,1412236.0,136457.0,134273.0,10.37,7.35,3.02,2872.0,"Moderna, Oxford/AstraZeneca, Pfizer/BioNTech",Ministry of Health,https://www.mscbs.gob.es/profesionales/saludPublica/ccayes/alertasActual/nCov/vacunaCovid19.htm
Spain,ESP,2021-03-09,4989505.0,3541667.0,1447838.0,140857.0,132884.0,10.67,7.57,3.1,2842.0,"Moderna, Oxford/AstraZeneca, Pfizer/BioNTech",Ministry of Health,https://www.mscbs.gob.es/profesionales/saludPublica/ccayes/alertasActual/nCov/vacunaCovid19.htm
Spain,ESP,2021-03-10,5172106.0,3668848.0,1503258.0,182601.0,134716.0,11.06,7.85,3.22,2881.0,"Moderna, Oxford/AstraZeneca, Pfizer/BioNTech",Ministry of Health,https://www.mscbs.gob.es/profesionales/saludPublica/ccayes/alertasActual/nCov/vacunaCovid19.htm
Spain,ESP,2021-03-11,5352767.0,3769523.0,1583244.0,180661.0,125884.0,11.45,8.06,3.39,2692.0,"Moderna, Oxford/AstraZeneca, Pfizer/BioNTech",Ministry of Health,https://www.mscbs.gob.es/profesionales/saludPublica/ccayes/alertasActual/nCov/vacunaCovid19.htm
Spain,ESP,2021-03-12,,,,,124860.0,,,,2671.0,"Moderna, Oxford/AstraZeneca, Pfizer/BioNTech",Ministry of Health,https://www.mscbs.gob.es/profesionales/saludPublica/ccayes/alertasActual/nCov/vacunaCovid19.htm
Spain,ESP,2021-03-13,,,,,123835.0,,,,2649.0,"Moderna, Oxford/AstraZeneca, Pfizer/BioNTech",Ministry of Health,https://www.mscbs.gob.es/profesionales/saludPublica/ccayes/alertasActual/nCov/vacunaCovid19.htm
Spain,ESP,2021-03-14,,,,,122810.0,,,,2627.0,"Moderna, Oxford/AstraZeneca, Pfizer/BioNTech",Ministry of Health,https://www.mscbs.gob.es/profesionales/saludPublica/ccayes/alertasActual/nCov/vacunaCovid19.htm
Spain,ESP,2021-03-15,5644895.0,3951221.0,1693674.0,,113750.0,12.07,8.45,3.62,2433.0,"Moderna, Oxford/AstraZeneca, Pfizer/BioNTech",Ministry of Health,https://www.mscbs.gob.es/profesionales/saludPublica/ccayes/alertasActual/nCov/vacunaCovid19.htm
Spain,ESP,2021-03-16,5742218.0,4013681.0,1728537.0,97323.0,107530.0,12.28,8.58,3.7,2300.0,"Moderna, Oxford/AstraZeneca, Pfizer/BioNTech",Ministry of Health,https://www.mscbs.gob.es/profesionales/saludPublica/ccayes/alertasActual/nCov/vacunaCovid19.htm
Spain,ESP,2021-03-17,5857085.0,4052470.0,1804615.0,114867.0,97854.0,12.53,8.67,3.86,2093.0,"Moderna, Oxford/AstraZeneca, Pfizer/BioNTech",Ministry of Health,https://www.mscbs.gob.es/profesionales/saludPublica/ccayes/alertasActual/nCov/vacunaCovid19.htm
Spain,ESP,2021-03-18,5993363.0,4106550.0,1886813.0,136278.0,91514.0,12.82,8.78,4.04,1957.0,"Moderna, Oxford/AstraZeneca, Pfizer/BioNTech",Ministry of Health,https://www.mscbs.gob.es/profesionales/saludPublica/ccayes/alertasActual/nCov/vacunaCovid19.htm
Spain,ESP,2021-03-19,,,,,92814.0,,,,1985.0,"Moderna, Oxford/AstraZeneca, Pfizer/BioNTech",Ministry of Health,https://www.mscbs.gob.es/profesionales/saludPublica/ccayes/alertasActual/nCov/vacunaCovid19.htm
Spain,ESP,2021-03-20,,,,,94115.0,,,,2013.0,"Moderna, Oxford/AstraZeneca, Pfizer/BioNTech",Ministry of Health,https://www.mscbs.gob.es/profesionales/saludPublica/ccayes/alertasActual/nCov/vacunaCovid19.htm
Spain,ESP,2021-03-21,,,,,95416.0,,,,2041.0,"Moderna, Oxford/AstraZeneca, Pfizer/BioNTech",Ministry of Health,https://www.mscbs.gob.es/profesionales/saludPublica/ccayes/alertasActual/nCov/vacunaCovid19.htm
Spain,ESP,2021-03-22,6321908.0,4211040.0,2110868.0,,96716.0,13.52,9.01,4.51,2069.0,"Moderna, Oxford/AstraZeneca, Pfizer/BioNTech",Ministry of Health,https://www.mscbs.gob.es/profesionales/saludPublica/ccayes/alertasActual/nCov/vacunaCovid19.htm
Spain,ESP,2021-03-23,6409196.0,4252598.0,2156598.0,87288.0,95283.0,13.71,9.1,4.61,2038.0,"Moderna, Oxford/AstraZeneca, Pfizer/BioNTech",Ministry of Health,https://www.mscbs.gob.es/profesionales/saludPublica/ccayes/alertasActual/nCov/vacunaCovid19.htm
Spain,ESP,2021-03-24,6620093.0,4343860.0,2276233.0,210897.0,109001.0,14.16,9.29,4.87,2331.0,"Moderna, Oxford/AstraZeneca, Pfizer/BioNTech",Ministry of Health,https://www.mscbs.gob.es/profesionales/saludPublica/ccayes/alertasActual/nCov/vacunaCovid19.htm
Spain,ESP,2021-03-25,6839736.0,4447534.0,2392202.0,219643.0,120910.0,14.63,9.51,5.12,2586.0,"Moderna, Oxford/AstraZeneca, Pfizer/BioNTech",Ministry of Health,https://www.mscbs.gob.es/profesionales/saludPublica/ccayes/alertasActual/nCov/vacunaCovid19.htm
Spain,ESP,2021-03-26,7067371.0,4561529.0,2505842.0,227635.0,141696.0,15.12,9.76,5.36,3031.0,"Moderna, Oxford/AstraZeneca, Pfizer/BioNTech",Ministry of Health,https://www.mscbs.gob.es/profesionales/saludPublica/ccayes/alertasActual/nCov/vacunaCovid19.htm
Spain,ESP,2021-03-27,,,,,153965.0,,,,3293.0,"Moderna, Oxford/AstraZeneca, Pfizer/BioNTech",Ministry of Health,https://www.mscbs.gob.es/profesionales/saludPublica/ccayes/alertasActual/nCov/vacunaCovid19.htm
Spain,ESP,2021-03-28,,,,,166235.0,,,,3555.0,"Moderna, Oxford/AstraZeneca, Pfizer/BioNTech",Ministry of Health,https://www.mscbs.gob.es/profesionales/saludPublica/ccayes/alertasActual/nCov/vacunaCovid19.htm
Spain,ESP,2021-03-29,7571439.0,4967230.0,2604209.0,,178504.0,16.19,10.62,5.57,3818.0,"Moderna, Oxford/AstraZeneca, Pfizer/BioNTech",Ministry of Health,https://www.mscbs.gob.es/profesionales/saludPublica/ccayes/alertasActual/nCov/vacunaCovid19.htm
Spain,ESP,2021-03-30,7736611.0,5092535.0,2644076.0,165172.0,189631.0,16.55,10.89,5.66,4056.0,"Moderna, Oxford/AstraZeneca, Pfizer/BioNTech",Ministry of Health,https://www.mscbs.gob.es/profesionales/saludPublica/ccayes/alertasActual/nCov/vacunaCovid19.htm
Spain,ESP,2021-03-31,8035160.0,5314076.0,2721084.0,298549.0,202152.0,17.19,11.37,5.82,4324.0,"Moderna, Oxford/AstraZeneca, Pfizer/BioNTech",Ministry of Health,https://www.mscbs.gob.es/profesionales/saludPublica/ccayes/alertasActual/nCov/vacunaCovid19.htm
Spain,ESP,2021-04-01,8342155.0,5545140.0,2797015.0,306995.0,214631.0,17.84,11.86,5.98,4591.0,"Moderna, Oxford/AstraZeneca, Pfizer/BioNTech",Ministry of Health,https://www.mscbs.gob.es/profesionales/saludPublica/ccayes/alertasActual/nCov/vacunaCovid19.htm
Spain,ESP,2021-04-02,,,,,196858.0,,,,4210.0,"Moderna, Oxford/AstraZeneca, Pfizer/BioNTech",Ministry of Health,https://www.mscbs.gob.es/profesionales/saludPublica/ccayes/alertasActual/nCov/vacunaCovid19.htm
Spain,ESP,2021-04-03,8548598.0,5707450.0,2841148.0,,187601.0,18.28,12.21,6.08,4012.0,"Moderna, Oxford/AstraZeneca, Pfizer/BioNTech",Ministry of Health,https://www.mscbs.gob.es/profesionales/saludPublica/ccayes/alertasActual/nCov/vacunaCovid19.htm
Spain,ESP,2021-04-04,,,,,177533.0,,,,3797.0,"Moderna, Oxford/AstraZeneca, Pfizer/BioNTech",Ministry of Health,https://www.mscbs.gob.es/profesionales/saludPublica/ccayes/alertasActual/nCov/vacunaCovid19.htm
Spain,ESP,2021-04-05,8743694.0,5890888.0,2852806.0,,167465.0,18.7,12.6,6.1,3582.0,"Moderna, Oxford/AstraZeneca, Pfizer/BioNTech",Ministry of Health,https://www.mscbs.gob.es/profesionales/saludPublica/ccayes/alertasActual/nCov/vacunaCovid19.htm
Spain,ESP,2021-04-06,9021001.0,6118710.0,2902291.0,277307.0,183484.0,19.29,13.09,6.21,3924.0,"Moderna, Oxford/AstraZeneca, Pfizer/BioNTech",Ministry of Health,https://www.mscbs.gob.es/profesionales/saludPublica/ccayes/alertasActual/nCov/vacunaCovid19.htm
Spain,ESP,2021-04-07,9357847.0,6416016.0,2941831.0,336846.0,188955.0,20.01,13.72,6.29,4041.0,"Moderna, Oxford/AstraZeneca, Pfizer/BioNTech",Ministry of Health,https://www.mscbs.gob.es/profesionales/saludPublica/ccayes/alertasActual/nCov/vacunaCovid19.htm
Spain,ESP,2021-04-08,9811529.0,6791079.0,3020450.0,453682.0,209911.0,20.99,14.52,6.46,4490.0,"Moderna, Oxford/AstraZeneca, Pfizer/BioNTech",Ministry of Health,https://www.mscbs.gob.es/profesionales/saludPublica/ccayes/alertasActual/nCov/vacunaCovid19.htm
Spain,ESP,2021-04-09,10231825.0,7159716.0,3072109.0,420296.0,255207.0,21.88,15.31,6.57,5458.0,"Moderna, Oxford/AstraZeneca, Pfizer/BioNTech",Ministry of Health,https://www.mscbs.gob.es/profesionales/saludPublica/ccayes/alertasActual/nCov/vacunaCovid19.htm
Spain,ESP,2021-04-10,,,,,266803.0,,,,5706.0,"Moderna, Oxford/AstraZeneca, Pfizer/BioNTech",Ministry of Health,https://www.mscbs.gob.es/profesionales/saludPublica/ccayes/alertasActual/nCov/vacunaCovid19.htm
Spain,ESP,2021-04-11,,,,,279209.0,,,,5972.0,"Moderna, Oxford/AstraZeneca, Pfizer/BioNTech",Ministry of Health,https://www.mscbs.gob.es/profesionales/saludPublica/ccayes/alertasActual/nCov/vacunaCovid19.htm
Spain,ESP,2021-04-12,10784997.0,7676560.0,3108437.0,,291615.0,23.07,16.42,6.65,6237.0,"Moderna, Oxford/AstraZeneca, Pfizer/BioNTech",Ministry of Health,https://www.mscbs.gob.es/profesionales/saludPublica/ccayes/alertasActual/nCov/vacunaCovid19.htm
Spain,ESP,2021-04-13,11073657.0,7937566.0,3136091.0,288660.0,293237.0,23.68,16.98,6.71,6272.0,"Moderna, Oxford/AstraZeneca, Pfizer/BioNTech",Ministry of Health,https://www.mscbs.gob.es/profesionales/saludPublica/ccayes/alertasActual/nCov/vacunaCovid19.htm
Spain,ESP,2021-04-14,11436073.0,8250887.0,3185186.0,362416.0,296889.0,24.46,17.65,6.81,6350.0,"Moderna, Oxford/AstraZeneca, Pfizer/BioNTech",Ministry of Health,https://www.mscbs.gob.es/profesionales/saludPublica/ccayes/alertasActual/nCov/vacunaCovid19.htm
Spain,ESP,2021-04-15,11885085.0,8631548.0,3253537.0,449012.0,296222.0,25.42,18.46,6.96,6336.0,"Moderna, Oxford/AstraZeneca, Pfizer/BioNTech",Ministry of Health,https://www.mscbs.gob.es/profesionales/saludPublica/ccayes/alertasActual/nCov/vacunaCovid19.htm
Spain,ESP,2021-04-16,12330755.0,9002054.0,3328701.0,445670.0,299847.0,26.37,19.25,7.12,6413.0,"Moderna, Oxford/AstraZeneca, Pfizer/BioNTech",Ministry of Health,https://www.mscbs.gob.es/profesionales/saludPublica/ccayes/alertasActual/nCov/vacunaCovid19.htm
Spain,ESP,2021-04-17,,,,,298403.0,,,,6382.0,"Moderna, Oxford/AstraZeneca, Pfizer/BioNTech",Ministry of Health,https://www.mscbs.gob.es/profesionales/saludPublica/ccayes/alertasActual/nCov/vacunaCovid19.htm
Spain,ESP,2021-04-18,,,,,296959.0,,,,6351.0,"Moderna, Oxford/AstraZeneca, Pfizer/BioNTech",Ministry of Health,https://www.mscbs.gob.es/profesionales/saludPublica/ccayes/alertasActual/nCov/vacunaCovid19.htm
Spain,ESP,2021-04-19,12853599.0,9441685.0,3411914.0,,295515.0,27.49,20.19,7.3,6321.0,"Moderna, Oxford/AstraZeneca, Pfizer/BioNTech",Ministry of Health,https://www.mscbs.gob.es/profesionales/saludPublica/ccayes/alertasActual/nCov/vacunaCovid19.htm
Spain,ESP,2021-04-20,13041032.0,9588913.0,3452119.0,187433.0,281054.0,27.89,20.51,7.38,6011.0,"Moderna, Oxford/AstraZeneca, Pfizer/BioNTech",Ministry of Health,https://www.mscbs.gob.es/profesionales/saludPublica/ccayes/alertasActual/nCov/vacunaCovid19.htm
Spain,ESP,2021-04-21,13497809.0,9886203.0,3611606.0,456777.0,294534.0,28.87,21.14,7.72,6300.0,"Moderna, Oxford/AstraZeneca, Pfizer/BioNTech",Ministry of Health,https://www.mscbs.gob.es/profesionales/saludPublica/ccayes/alertasActual/nCov/vacunaCovid19.htm
Spain,ESP,2021-04-22,13909964.0,10141949.0,3768015.0,412155.0,289268.0,29.75,21.69,8.06,6187.0,"Moderna, Oxford/AstraZeneca, Pfizer/BioNTech",Ministry of Health,https://www.mscbs.gob.es/profesionales/saludPublica/ccayes/alertasActual/nCov/vacunaCovid19.htm
Spain,ESP,2021-04-23,14266251.0,10403462.0,3862789.0,356287.0,276499.0,30.51,22.25,8.26,5914.0,"Moderna, Oxford/AstraZeneca, Pfizer/BioNTech",Ministry of Health,https://www.mscbs.gob.es/profesionales/saludPublica/ccayes/alertasActual/nCov/vacunaCovid19.htm